{
  "generation": 1,
  "fitness": [
    2.5088131313131314
  ],
  "genome": [
    0.8409825513103181,
    0.8718272768117094,
    0.4656091711762076,
    0.45841941093827854,
    0.6780086556914001,
    0.03616149217121856,
    0.39624920753371917,
    0.23534597324404716,
    0.8896887501482958,
    0.3138150040127795,
    0.2998838555183887,
    0.136152273723118,
    0.7568264821705692,
    0.018302788227859024,
    0.12757612823508369,
    0.9860805110381894,
    0.7893438092994887,
    0.6289512976228508,
    0.35198850178380015,
    0.19148810950507267,
    0.8139655452141629,
    0.4590264895999817,
    0.28843201860660816,
    0.8261291196244728,
    0.13660087236887475,
    0.09613743840813549,
    0.28659538945626906,
    0.03296498811117243,
    0.20869775775889576,
    0.04625217069951193,
    0.3862889974017615,
    0.4980209710255824,
    0.9200099187570642,
    0.22295016084789077,
    0.6860842382449841,
    0.9517801796291022,
    0.6914100884863684,
    0.3711744348315218,
    0.7811408936288197,
    0.9417678563361571,
    0.3463226989611399,
    0.7640783020944395,
    0.35157155391911943,
    0.7967977443924716,
    0.4153267323744304,
    0.3620608059047208,
    0.007803299491975224,
    0.3411933656833265,
    0.17757412353730384,
    0.9809585554129642
  ],
  "n_genes": 50,
  "population_size": 20,
  "cxpb": 0.5,
  "mutpb": 0.2
}