{
  "generation": 9,
  "fitness": [
    2.202254901960784
  ],
  "genome": [
    0.6922227403649175,
    0.5100630809646471,
    0.5628900474319727,
    0.36133532037288374,
    0.0,
    0.02989036923149302,
    0.4916946553662792,
    0.7874350993890289,
    0.15359233759260127,
    0.14665354982529655,
    0.8842027339183877,
    0.37764078734934203,
    0.4960066310541996,
    0.8534403507868018,
    0.30140146883603813,
    0.1791552849079477,
    0.27321657608565453,
    0.26796083788778535,
    0.06706053750348095,
    0.70213684865629,
    0.7333587880796515,
    0.6110400811566663,
    0.5830055721275248,
    0.4101121958282682,
    0.9581899649427316,
    0.16498508201644724,
    0.7677337171618627,
    0.40733818068757843,
    0.12534795049560432,
    0.4335844561395882,
    0.18604113868153105,
    0.6993170192521527,
    0.16998026543351075,
    0.3341234436954914,
    0.6246223537549409,
    0.9902915037014011,
    0.9761566179913784,
    0.8128360538576436,
    0.5660204593095326,
    0.5177940097641964,
    0.6543322880114004,
    0.09445512886189611,
    0.4972370438888314,
    0.12356080452938001,
    0.6474396364912247,
    0.18879871378836133,
    0.07496511839307773,
    0.24859922760273334,
    0.03306204967796322,
    0.4999069581119623
  ],
  "n_genes": 50,
  "population_size": 20,
  "cxpb": 0.5,
  "mutpb": 0.2
}