{
  "generation": 0,
  "fitness": [
    1.4538600312543368
  ],
  "validation_score": -0.4866918059089665,
  "validation_details": {
    "Moving Maze (Rightward Tunnel)": {
      "raw": -0.9335497835497837,
      "weight": 2.5,
      "weighted": -2.333874458874459
    },
    "Four Corner Assault": {
      "raw": 0.75,
      "weight": 1.25,
      "weighted": 0.9375
    },
    "Cross (Rotating Look, CW)": {
      "raw": -1.257563025210084,
      "weight": 2.0,
      "weighted": -2.515126050420168
    },
    "Sniper Practice (Large Arena)": {
      "raw": 0.75,
      "weight": 0.9,
      "weighted": 0.675
    }
  },
  "genome": [
    0.8321431737689012,
    0.49837550470719527,
    0.7166033259917911,
    0.5088720150695117,
    0.2734248967132742,
    0.8347239455766944,
    0.9802446326033755,
    0.24373090607513836,
    0.5512650768804697,
    0.3835860132471499,
    0.9218681499315619,
    0.508240891592894,
    0.8793262551464761,
    0.8640269344285881,
    0.27624740282204097,
    0.7900061820031135,
    0.41494242355134514,
    0.9342483936825201,
    0.5077376758096565,
    0.8205494731855784,
    0.28283898328282664,
    0.2985558497717672,
    0.5869377224141611,
    0.9989023332293387,
    0.489640346655701,
    0.1485954183827891,
    0.5385805777038737,
    0.34512394169300753,
    0.551917417070811,
    0.543430062958673,
    0.4553446168665011,
    0.3217773502290374,
    0.18865237370710541,
    0.6974984276205713,
    0.5717976419849011,
    0.2335624460578931,
    0.7755444750992588,
    0.04364729909730192,
    0.7447051515651959,
    0.7052278810250026,
    0.8114089025648769,
    0.38607875249098234,
    0.6636888294845347,
    0.820747551709555,
    0.9808181386597851,
    0.49532864961642353,
    0.03701961134557619,
    0.5022911501329659,
    0.590180429309567,
    0.8697003133622154
  ],
  "n_genes": 50,
  "population_size": 60,
  "cxpb": 0.5,
  "mutpb": 0.25,
  "sigma": 0.2
}