{
  "generation": 0,
  "fitness": [
    -5.878671788737579
  ],
  "validation_score": -2.8215779318720497,
  "validation_details": {
    "Moving Maze (Rightward Tunnel)": -1.8556277056277057,
    "Four Corner Assault": 0.5,
    "Cross (Rotating Look, CW)": -1.965950226244344,
    "Sniper Practice (Large Arena)": 0.5
  },
  "genome": [
    0.26839553804922534,
    0.8517131600193318,
    0.8307310188906034,
    0.0866628980556744,
    0.881631184002772,
    0.243863439190956,
    0.46470846660323173,
    0.6103317042305206,
    0.37898930412826404,
    0.02869999777008958,
    0.8509528363124591,
    0.1818398571576918,
    0.212119850179739,
    0.7978323568280965,
    0.34033884316428364,
    0.8803199797582254,
    0.7011837503322016,
    0.2762685757561849,
    0.010151114438677111,
    0.9480625777770312,
    0.08561296195802126,
    0.7200746641041943,
    0.48857784684878736,
    0.7581646534824664,
    0.690609339446523,
    0.6459028997409523,
    0.49082133507858616,
    0.7929328681323174,
    0.09305335055467168,
    0.22159640047253015,
    0.6917871552952018,
    0.3062060301300884,
    0.5815555853323672,
    0.47326048875952476,
    0.5309219311457678,
    0.42550381270521476,
    0.7459354367136096,
    0.33079129719593015,
    0.7028549421857689,
    0.27091642697619633,
    0.2514036762009415,
    0.12065588475230582,
    0.1925842934515174,
    0.11955474125505283,
    0.5358639653837498,
    0.762189609484103,
    0.18514984243766197,
    0.21638463987860568,
    0.4841985872127087,
    0.7245850010930516
  ],
  "n_genes": 50,
  "population_size": 30,
  "cxpb": 0.5,
  "mutpb": 0.2,
  "sigma": 0.2
}