{
  "generation": 81,
  "fitness": [
    -0.9005363863592586
  ],
  "validation_score": -1.8363909578983106,
  "validation_details": null,
  "genome": [
    0.8099459128967877,
    0.1655391657440587,
    0.43767340513834674,
    0.41085861149653347,
    0.6829090750370118,
    0.243863439190956,
    0.14434797638907704,
    0.6103317042305206,
    0.37898930412826404,
    0.1433499064528455,
    0.8509528363124591,
    0.019732054245586772,
    0.0,
    0.7978323568280965,
    0.34033884316428364,
    1.0,
    0.7011837503322016,
    0.618078584530519,
    0.010151114438677111,
    0.6640718532248222,
    0.08561296195802126,
    0.5586701235300235,
    0.48857784684878736,
    0.7581646534824664,
    0.690609339446523,
    0.6459028997409523,
    1.0,
    0.7929328681323174,
    0.2570365206579115,
    0.3922558347980286,
    0.6917871552952018,
    0.3062060301300884,
    0.5815555853323672,
    0.47326048875952476,
    0.9089486696699683,
    0.8841347014510089,
    0.4063773898321168,
    0.6206615101507128,
    0.15455333833220464,
    0.9322309567643793,
    0.864605696219964,
    0.9762060329309629,
    0.8107717199403969,
    0.878447082507864,
    0.0,
    0.688927476376677,
    0.33218546794642867,
    0.9308158860483255,
    0.17487247069623513,
    0.12899417997326537
  ],
  "n_genes": 50,
  "population_size": 30,
  "cxpb": 0.5,
  "mutpb": 0.2,
  "sigma": 0.2
}