{
  "generation": 0,
  "fitness": [
    7.631516928633801
  ],
  "genome": [
    0.31617719627185403,
    0.7518644924144021,
    0.07254311449315731,
    0.4582855226185861,
    0.9984544408544423,
    0.9960964478550944,
    0.073260721099633,
    0.2131543122670404,
    0.26520041475040135,
    0.9332593779937091,
    0.8808641736864395,
    0.8792702424845428,
    0.36952708873888396,
    0.15774683235723197,
    0.833744954639807,
    0.703539925087371,
    0.6116777657259501,
    0.9872330636315043,
    0.6539763177107326,
    0.007823107152157949,
    0.8171041351154616,
    0.2993787521999779,
    0.6633887149660773,
    0.9389300039271039,
    0.13429111439336772,
    0.11542867041910221,
    0.10703597770941764,
    0.5532236408848159,
    0.2723482123148163,
    0.6048298270302239,
    0.7176121871387979,
    0.20359731232745293,
    0.6342379588850797,
    0.2639839016304094,
    0.48853185214937656,
    0.9053364910793232,
    0.8461037132948555,
    0.09229846771273342,
    0.42357577256372636,
    0.27668022397225167,
    0.0035456890877823,
    0.7711192230196271,
    0.6371133773013796,
    0.2619552624343482,
    0.7412309083479308,
    0.5516804211263913,
    0.42768691898067934,
    0.009669699608339966,
    0.07524386007376704,
    0.883106393300143
  ],
  "n_genes": 50,
  "population_size": 20,
  "cxpb": 0.5,
  "mutpb": 0.2
}