{
  "generation": 5,
  "fitness": [
    7.758489278752437
  ],
  "genome": [
    0.9689962572847513,
    0.9263669830081276,
    0.8486957344143055,
    0.16631111060391401,
    0.48564112545071847,
    0.21374729919918167,
    0.4010402925494526,
    0.058635399972178925,
    0.3789731189769161,
    0.9853088437797259,
    0.26520305817215195,
    0.7840706019485694,
    0.4550083673391433,
    0.4230074859901629,
    0.9573176408596732,
    0.9954226894927138,
    0.5557683234056182,
    0.718408275296326,
    0.15479682527406413,
    0.2967078254945642,
    0.9687093649691588,
    0.5791802908162562,
    0.5421952013742742,
    0.9389300039271039,
    0.13429111439336772,
    0.11542867041910221,
    0.10703597770941764,
    0.5532236408848159,
    0.2723482123148163,
    0.6048298270302239,
    0.7176121871387979,
    0.20359731232745293,
    0.6342379588850797,
    0.6752125536040902,
    0.2352038950009312,
    0.11988661394712419,
    0.8902873141294375,
    0.24621534778862486,
    0.5945191535334412,
    0.6193815103321031,
    0.4192249153358725,
    0.5836722892912247,
    0.5227827155319589,
    0.9347062577364272,
    0.20425919942353643,
    0.7161918007894148,
    0.23868595261584602,
    0.3957858467912545,
    0.6716902229599713,
    0.2999970797987622
  ],
  "n_genes": 50,
  "population_size": 20,
  "cxpb": 0.5,
  "mutpb": 0.2
}