{
  "generation": 7,
  "fitness": [
    7.9301231443994595
  ],
  "genome": [
    0.9689962572847513,
    0.8020620565679086,
    1.0,
    0.16631111060391401,
    0.48564112545071847,
    0.3838187771459667,
    0.4010402925494526,
    0.2131543122670404,
    0.07595522339565988,
    0.9332593779937091,
    0.8808641736864395,
    0.8792702424845428,
    0.2594904718902154,
    0.15774683235723197,
    0.833744954639807,
    0.703539925087371,
    0.6116777657259501,
    0.9872330636315043,
    0.6539763177107326,
    0.007823107152157949,
    0.8171041351154616,
    0.2993787521999779,
    0.8057623297232053,
    0.9389300039271039,
    0.13429111439336772,
    0.11542867041910221,
    0.10703597770941764,
    0.5532236408848159,
    0.2723482123148163,
    0.6048298270302239,
    0.7176121871387979,
    0.20359731232745293,
    0.6342379588850797,
    0.6752125536040902,
    0.2352038950009312,
    0.11988661394712419,
    0.8902873141294375,
    0.24621534778862486,
    0.5945191535334412,
    0.6193815103321031,
    0.4192249153358725,
    0.5836722892912247,
    0.5227827155319589,
    0.9347062577364272,
    0.20425919942353643,
    0.7161918007894148,
    0.23868595261584602,
    0.3957858467912545,
    0.6716902229599713,
    0.2999970797987622
  ],
  "n_genes": 50,
  "population_size": 20,
  "cxpb": 0.5,
  "mutpb": 0.2
}