{
  "generation": 1,
  "fitness": [
    1.7321052322465549
  ],
  "validation_score": -0.4333498949819163,
  "validation_details": null,
  "genome": [
    0.214140021640754,
    0.0,
    0.6610576425973168,
    0.02578014978619836,
    0.014860327230708847,
    0.7899846642347539,
    0.3671220072247938,
    0.32377146196202244,
    0.0,
    0.05239901786117651,
    0.7417180569541495,
    0.2898318549866073,
    0.7456652750339957,
    0.32254396819618725,
    0.7780170393142027,
    0.5132379576091917,
    0.10905401000384551,
    0.38510048664071456,
    1.0,
    0.043365036899171705,
    0.9362563429270985,
    0.676234553699946,
    0.48945872591563777,
    0.5774255293041615,
    0.2687171520874859,
    0.41422508936503766,
    0.45199172255036435,
    0.6336277633502977,
    0.8801250813073235,
    0.0930947840426174,
    0.4018506342122019,
    0.0734907157664505,
    0.08079047741079193,
    1.0,
    0.19842461859981972,
    0.2750159995579532,
    0.6330767243010155,
    0.5310971556748859,
    0.32518544331866794,
    0.9946277558609236,
    0.5305568374313245,
    0.30917577482325787,
    0.6609989051237242,
    0.050439394215862535,
    0.3586230243064324,
    0.852792737295575,
    0.6509166648813054,
    0.9623810437470415,
    0.7677071631669704,
    0.2150230663274969
  ],
  "n_genes": 50,
  "population_size": 60,
  "cxpb": 0.5,
  "mutpb": 0.25,
  "sigma": 0.2
}