{
  "generation": 4,
  "fitness": [
    -4.784516016319422
  ],
  "validation_score": -2.850236822001528,
  "validation_details": null,
  "genome": [
    0.8090437196393011,
    0.1655391657440587,
    0.43767340513834674,
    0.41085861149653347,
    0.6763629221885329,
    0.243863439190956,
    0.46470846660323173,
    0.6103317042305206,
    0.37898930412826404,
    0.02869999777008958,
    0.8509528363124591,
    0.1818398571576918,
    0.212119850179739,
    0.7978323568280965,
    0.34033884316428364,
    0.8803199797582254,
    0.7011837503322016,
    0.2762685757561849,
    0.010151114438677111,
    0.9480625777770312,
    0.3081254894392438,
    0.7200746641041943,
    0.48857784684878736,
    0.7581646534824664,
    0.690609339446523,
    0.1383985346034312,
    0.25000321158900707,
    0.6411790362044472,
    0.874116945052237,
    0.5545407454244312,
    0.10258973174840935,
    0.8458922767334385,
    0.8511660480847788,
    0.28506301405932843,
    0.7631168302916909,
    0.2727912995913566,
    0.9053062089782412,
    0.1473486559916043,
    0.4374725601949808,
    0.9464132630117607,
    0.2220380069069806,
    0.45112799022070893,
    0.3495850781386489,
    0.02667019080293853,
    0.05325688717107446,
    0.5020071146932354,
    0.23577807386343264,
    0.9945253512382912,
    0.32815986204031894,
    0.02818754552815006
  ],
  "n_genes": 50,
  "population_size": 30,
  "cxpb": 0.5,
  "mutpb": 0.2,
  "sigma": 0.2
}