{
  "generation": 0,
  "fitness": [
    7.301144206670523
  ],
  "genome": [
    0.4421597993048074,
    0.2137014009891003,
    0.47318618590932626,
    0.9011808258282542,
    0.7960247601267803,
    0.16969139619805473,
    0.08479553672512175,
    0.5154520099152164,
    0.6329408557657957,
    0.3351882554098009,
    0.8184234645366643,
    0.7511381375407322,
    0.672795670557167,
    0.22464066599728827,
    0.19912993272657664,
    0.024425387726826342,
    0.24484254407835015,
    0.47513634421880513,
    0.8497376946247319,
    0.0728282291845691,
    0.41444101099771935,
    0.6297653807377137,
    0.1944352367397093,
    0.6963542504905049,
    0.49437716901043693,
    0.24398443957843885,
    0.6560580111117841,
    0.00554481813803176,
    0.7509644766184729,
    0.7700461885740251,
    0.10658729656353894,
    0.4251461939427341,
    0.17588668170653166,
    0.9579660422795397,
    0.5179577504437408,
    0.05021838514064092,
    0.24919827965997166,
    0.8483363473516597,
    0.45646182547017256,
    0.8014166017222645,
    0.6675777325863531,
    0.987892453066448,
    0.5954523184694197,
    0.9500396084431559,
    0.891425925810437,
    0.6126523227617628,
    0.7192739612759671,
    0.504778164824402,
    0.830569169721415,
    0.5478719506108284
  ],
  "n_genes": 50,
  "population_size": 20,
  "cxpb": 0.5,
  "mutpb": 0.2
}