{
  "generation": 9,
  "fitness": [
    -4.271258926187331
  ],
  "validation_score": -3.2352439839572193,
  "validation_details": null,
  "genome": [
    0.8090437196393011,
    0.1655391657440587,
    0.43767340513834674,
    0.41085861149653347,
    0.7445611663904981,
    0.243863439190956,
    0.46470846660323173,
    0.6103317042305206,
    0.37898930412826404,
    0.02869999777008958,
    0.8509528363124591,
    0.019732054245586772,
    0.212119850179739,
    0.7978323568280965,
    0.34033884316428364,
    0.8803199797582254,
    0.7011837503322016,
    0.2762685757561849,
    0.010151114438677111,
    0.8089076234173763,
    0.08561296195802126,
    0.7200746641041943,
    0.48857784684878736,
    0.7581646534824664,
    0.690609339446523,
    0.6459028997409523,
    1.0,
    0.7929328681323174,
    0.09305335055467168,
    0.22159640047253015,
    0.6917871552952018,
    0.3062060301300884,
    0.5815555853323672,
    0.47326048875952476,
    0.7801162418714427,
    0.8841347014510089,
    0.4063773898321168,
    0.6206615101507128,
    0.15455333833220464,
    0.9298810156936744,
    0.864605696219964,
    0.9762060329309629,
    0.8107717199403969,
    0.878447082507864,
    0.0,
    0.7365644717550821,
    0.33218546794642867,
    0.9308158860483255,
    0.17487247069623513,
    0.02818754552815006
  ],
  "n_genes": 50,
  "population_size": 30,
  "cxpb": 0.5,
  "mutpb": 0.2,
  "sigma": 0.2
}