{
  "generation": 5,
  "fitness": [
    -0.44737179487179457
  ],
  "genome": [
    0.6222569609740647,
    0.9799422427819034,
    0.9672697473000323,
    0.8045876440205619,
    0.3657750494055664,
    0.7906819685889375,
    0.013918655100901178,
    0.5365723082690591,
    0.45478602773387466,
    0.6728283818737536,
    0.6723407973510132,
    0.584560091652166,
    0.8224173012267743,
    0.9402918917795542,
    0.10834610219923069,
    0.23382190221158317,
    0.025024649646482322,
    0.8842348452148522,
    0.5614073822498789,
    0.9152559087431594,
    0.22136720007399002,
    0.06321704116019544,
    0.8238553513904476,
    1.0,
    0.30219017452925023,
    0.4082958557954127,
    0.13977701250722108,
    0.9462615328819463,
    0.3043645843560052,
    0.49262461897820586,
    0.0971919986218216,
    0.8872593085285023,
    0.13566404870633653,
    0.4536437568888926,
    0.6994649712461508,
    0.7668980983562408,
    0.16778914336780226,
    0.6072474938909317,
    0.7479256519552858,
    0.11453287137889767,
    0.8193011743110851,
    0.9647207730340877,
    0.10809874965760657,
    0.025678425497466018,
    0.3119572443946952,
    0.6773472868504088,
    0.9581728382058959,
    0.3280454462604465,
    0.7150147050494684,
    0.07599647784305996
  ],
  "n_genes": 50,
  "population_size": 20,
  "cxpb": 0.5,
  "mutpb": 0.2
}