{
  "generation": 9,
  "fitness": [
    0.15118083670715243
  ],
  "genome": [
    0.9926920436268976,
    0.29523075388326936,
    0.9779444845768627,
    0.6582298159286807,
    0.27448038017822773,
    0.565929016955699,
    0.6857994927340121,
    0.7446688411653252,
    0.04904425077599994,
    0.6064064930764745,
    0.4967272865238703,
    0.5053552881033624,
    0.026535969683863625,
    0.1988376506866485,
    0.6498844377795232,
    0.5449414806032167,
    0.2204406220406967,
    0.5892656838759087,
    0.8094304566778266,
    0.006498759678061017,
    0.8058192518328079,
    0.6981393949882269,
    0.3402505165179919,
    0.15547949981178155,
    0.9572130722067812,
    0.33659454511262676,
    0.09274584338014791,
    0.09671637683346401,
    0.8474943663474598,
    0.6037260313668911,
    0.8071282732743802,
    0.7297317866938179,
    0.13566404870633653,
    0.4536437568888926,
    0.6994649712461508,
    0.7668980983562408,
    0.16778914336780226,
    0.6072474938909317,
    0.7479256519552858,
    0.11453287137889767,
    0.8193011743110851,
    0.9647207730340877,
    0.8064884937937665,
    0.746559350717045,
    0.3387152538018863,
    0.1151697074497594,
    0.9628932928688776,
    0.14075701500588267,
    0.9665002094627521,
    0.8601405968988218
  ],
  "n_genes": 50,
  "population_size": 20,
  "cxpb": 0.5,
  "mutpb": 0.2
}