{
  "generation": 5,
  "fitness": [
    1.8668671576650304
  ],
  "genome": [
    0.9926920436268976,
    0.29523075388326936,
    0.9779444845768627,
    0.6582298159286807,
    0.27448038017822773,
    0.565929016955699,
    0.6857994927340121,
    0.7446688411653252,
    0.4219218196852704,
    0.029797219438070344,
    0.21863797480360336,
    0.5053552881033624,
    0.026535969683863625,
    0.1988376506866485,
    0.6498844377795232,
    0.5449414806032167,
    0.2204406220406967,
    0.5892656838759087,
    0.8094304566778266,
    0.006498759678061017,
    0.8058192518328079,
    0.6981393949882269,
    0.3402505165179919,
    0.15547949981178155,
    0.9572130722067812,
    0.4082958557954127,
    0.13977701250722108,
    0.9462615328819463,
    0.3043645843560052,
    0.49262461897820586,
    0.0971919986218216,
    0.6694588446199107,
    0.5639695819300191,
    0.21796454090650363,
    0.6994649712461508,
    0.7668980983562408,
    0.16778914336780226,
    0.6072474938909317,
    0.7479256519552858,
    0.11453287137889767,
    0.8193011743110851,
    0.4818478298737412,
    0.8064884937937665,
    0.746559350717045,
    0.3387152538018863,
    0.1151697074497594,
    0.9628932928688776,
    0.14075701500588267,
    0.9665002094627521,
    0.8601405968988218
  ],
  "n_genes": 50,
  "population_size": 20,
  "cxpb": 0.5,
  "mutpb": 0.2
}