{
  "generation": 104,
  "fitness": [
    1.3333333333333333
  ],
  "genome": [
    1.0,
    0.29523075388326936,
    0.9779444845768627,
    0.6582298159286807,
    0.2208086776104412,
    0.7302699911216672,
    0.6857994927340121,
    0.7874047748476876,
    0.3838076986072789,
    0.029797219438070344,
    0.21863797480360336,
    1.0,
    0.5242211837252949,
    0.7988601195075987,
    0.607064998164266,
    0.35232095583531653,
    0.6366178780058919,
    0.5196225396876475,
    0.01938328705001069,
    0.5394190479225337,
    0.8313554876766954,
    0.43010160951305904,
    0.7097692110311365,
    0.7812330496108949,
    0.6517546552438894,
    0.3372470986802942,
    0.09274584338014791,
    0.0,
    0.815605879087846,
    0.8499724379139757,
    1.0,
    0.7297317866938179,
    0.33341262829230145,
    0.0,
    0.6890597869348023,
    0.9174825865552221,
    0.17455824271268955,
    1.0,
    0.6340426142939819,
    0.35306005257857637,
    0.8269448947682525,
    0.5510496382536667,
    0.09846285810776444,
    0.4081158856977005,
    0.3387152538018863,
    0.18654522142916558,
    0.8062732106050068,
    0.14075701500588267,
    0.9665002094627521,
    0.8601405968988218
  ],
  "n_genes": 50,
  "population_size": 20,
  "cxpb": 0.5,
  "mutpb": 0.2
}