{
  "generation": 5,
  "fitness": [
    -0.8938012742051911
  ],
  "genome": [
    0.9926920436268976,
    0.29523075388326936,
    0.9779444845768627,
    0.6582298159286807,
    0.27448038017822773,
    0.565929016955699,
    0.6857994927340121,
    0.7446688411653252,
    0.04904425077599994,
    0.6064064930764745,
    0.4967272865238703,
    0.9041552908937254,
    0.28619415145919447,
    0.7988601195075987,
    0.607064998164266,
    0.35232095583531653,
    0.6366178780058919,
    0.6208911631303041,
    0.01938328705001069,
    0.5394190479225337,
    0.9999078285092092,
    0.3499603437201839,
    0.650144093249875,
    0.7812330496108949,
    0.6517546552438894,
    0.33659454511262676,
    0.09274584338014791,
    0.09671637683346401,
    0.8474943663474598,
    0.6037260313668911,
    0.8071282732743802,
    0.7297317866938179,
    0.13566404870633653,
    0.13215979774678355,
    0.5394077589844211,
    0.9714895812113399,
    0.530852373702785,
    0.9134869744816969,
    0.8304726195673974,
    0.2569700845632623,
    0.8246898125424073,
    0.4818478298737412,
    0.8064884937937665,
    0.746559350717045,
    0.3387152538018863,
    0.1151697074497594,
    0.9628932928688776,
    0.14075701500588267,
    0.9665002094627521,
    0.8601405968988218
  ],
  "n_genes": 50,
  "population_size": 20,
  "cxpb": 0.5,
  "mutpb": 0.2
}