{
  "generation": 55,
  "fitness": [
    0.27045146240100393
  ],
  "genome": [
    0.9926920436268976,
    0.29523075388326936,
    0.9779444845768627,
    0.6582298159286807,
    0.27448038017822773,
    0.565929016955699,
    0.6857994927340121,
    0.7934899671797705,
    0.4219218196852704,
    0.029797219438070344,
    0.21863797480360336,
    0.9041552908937254,
    0.28619415145919447,
    0.7988601195075987,
    0.607064998164266,
    0.35232095583531653,
    0.6366178780058919,
    0.6208911631303041,
    0.01938328705001069,
    0.5394190479225337,
    0.8313554876766954,
    0.43010160951305904,
    0.650144093249875,
    0.7812330496108949,
    0.6517546552438894,
    0.3372470986802942,
    0.09274584338014791,
    0.0,
    0.8474943663474598,
    0.665862714094717,
    1.0,
    0.7297317866938179,
    0.24941807412922057,
    0.13215979774678355,
    0.6307692906817197,
    0.9714895812113399,
    0.530852373702785,
    1.0,
    0.8304726195673974,
    0.24386082383850655,
    0.8246898125424073,
    0.4818478298737412,
    0.10809874965760657,
    0.4081158856977005,
    0.3387152538018863,
    0.1151697074497594,
    0.9628932928688776,
    0.14075701500588267,
    0.9665002094627521,
    0.8601405968988218
  ],
  "n_genes": 50,
  "population_size": 20,
  "cxpb": 0.5,
  "mutpb": 0.2
}