{
  "method": "CMA-ES",
  "iteration": 38,
  "train_score": -2.0547250337381913,
  "validation_score": -2.6752474853577795,
  "validation_details": null,
  "sigma": 0.08549289438476364,
  "genome": [
    0.26839553804922534,
    0.8517131600193318,
    0.7939877951120202,
    0.265557612177999,
    1.0,
    0.5665250106358342,
    0.46470846660323173,
    0.5493271051165151,
    0.046222676966601595,
    0.02869999777008958,
    0.9704123662518098,
    0.2893623286382769,
    0.32738211437374154,
    1.0,
    0.7412309083479308,
    0.6200161741666469,
    0.42768691898067934,
    0.009669699608339966,
    0.14866156025874128,
    0.7699103226003976,
    0.08561296195802126,
    0.7200746641041943,
    0.5997054899194724,
    0.8222333030320097,
    0.5153378845714636,
    0.6459028997409523,
    0.9325707666988388,
    0.7929328681323174,
    0.4484312312509884,
    0.22159640047253015,
    0.6917871552952018,
    0.47390904818241864,
    0.5815555853323672,
    0.438774544335053,
    0.5309219311457678,
    0.743384204092165,
    0.6214121742766467,
    0.33079129719593015,
    0.7028549421857689,
    0.27091642697619633,
    0.2514036762009415,
    0.3203621972909404,
    0.1718769236983094,
    0.11955474125505283,
    0.361835267418972,
    0.762189609484103,
    0.0,
    0.2201372671615825,
    0.29346968996415024,
    0.7292506339486988
  ],
  "n_genes": 50,
  "train_scenarios": 12,
  "validation_scenarios": 4
}