{
  "generation": 0,
  "fitness": [
    -1.3465755735492582
  ],
  "genome": [
    0.6222569609740647,
    0.02696645190513769,
    0.3940202563397047,
    0.5643919830247741,
    0.027102046340312436,
    0.6427496480093358,
    0.13569948723056424,
    0.4616984440515117,
    0.05028463348862755,
    0.37910386418813957,
    0.21166028421148153,
    0.32684580488130854,
    0.7612297078940271,
    0.3791262155641363,
    0.7520098235547849,
    0.8319242851552726,
    0.2522715317823806,
    0.08190623276164255,
    0.01938328705001069,
    0.5394190479225337,
    0.9999078285092092,
    0.3499603437201839,
    0.650144093249875,
    0.7812330496108949,
    0.6517546552438894,
    0.7542332040595262,
    0.9496117327159889,
    0.1993606823625329,
    0.020380017320332344,
    0.15238234578479037,
    0.12622097487420625,
    0.6694588446199107,
    0.5639695819300191,
    0.21796454090650363,
    0.6994649712461508,
    0.7668980983562408,
    0.16778914336780226,
    0.6072474938909317,
    0.7479256519552858,
    0.11453287137889767,
    0.8193011743110851,
    0.9647207730340877,
    0.10809874965760657,
    0.025678425497466018,
    0.3119572443946952,
    0.6773472868504088,
    0.9581728382058959,
    0.3966544415166273,
    0.7150147050494684,
    0.07599647784305996
  ],
  "n_genes": 50,
  "population_size": 20,
  "cxpb": 0.5,
  "mutpb": 0.2
}