{
  "generation": 6,
  "fitness": [
    -0.0790194681861347
  ],
  "genome": [
    0.9926920436268976,
    0.29523075388326936,
    0.9779444845768627,
    0.6582298159286807,
    0.27448038017822773,
    0.565929016955699,
    0.7384632082382384,
    0.7446688411653252,
    0.04904425077599994,
    0.6064064930764745,
    0.4967272865238703,
    0.9041552908937254,
    0.28619415145919447,
    0.7988601195075987,
    0.607064998164266,
    0.35232095583531653,
    0.6366178780058919,
    0.6208911631303041,
    0.4455142771321573,
    0.2503679024120039,
    0.0913268866309852,
    0.9619111021928367,
    0.8359586139061813,
    0.5751991092199304,
    0.9507862778063524,
    0.9995724168774514,
    0.6722815843032393,
    0.2695110259670539,
    0.040231673144616176,
    0.7562688304125571,
    0.47050082325163356,
    0.6515094894336864,
    0.9160727879267675,
    0.4536437568888926,
    0.6994649712461508,
    0.7668980983562408,
    0.16778914336780226,
    0.6072474938909317,
    0.7479256519552858,
    0.11453287137889767,
    0.8193011743110851,
    0.9647207730340877,
    0.10809874965760657,
    0.4081158856977005,
    0.9515215253810595,
    0.1151697074497594,
    0.9628932928688776,
    0.14075701500588267,
    0.9665002094627521,
    0.9551411769896506
  ],
  "n_genes": 50,
  "population_size": 20,
  "cxpb": 0.5,
  "mutpb": 0.2
}