{
  "generation": 1,
  "fitness": [
    2.2775
  ],
  "genome": [
    0.653750384802724,
    0.350019785103051,
    0.9709785917006756,
    0.10641169325243682,
    0.19041919542618846,
    0.7697153217673673,
    0.018853896366485934,
    0.5583202857949064,
    0.46891787290684306,
    0.5359680828714027,
    0.32290220109924506,
    0.3520016244430332,
    0.4783820321366724,
    0.5334710349268691,
    0.7034988571549985,
    0.9306901265909886,
    0.6902085750314795,
    0.9914977129582968,
    0.7149323119562438,
    0.9573755528328588,
    0.4349220552736758,
    0.7259615209288266,
    0.9378988570681918,
    0.6059598024984164,
    0.8525203020434637,
    0.4803879512058029,
    0.9475406458465663,
    0.3266872111050001,
    0.33989549412838804,
    0.23566327681112764,
    0.0007215907685781398,
    0.6331111338472715,
    0.5189189030761674,
    0.10703845312991178,
    0.489980010304208,
    0.11767946533633089,
    0.8223088726061575,
    0.9921507972208313,
    0.5134038042387556,
    0.6346856474235972,
    0.2549432452395445,
    0.8070769191280263,
    0.1796809508752113,
    0.43510436912824435,
    0.7872015527586179,
    0.18957651312466905,
    0.3943169275517504,
    0.959310401181452,
    0.6254894047762309,
    0.11399065720577783
  ],
  "n_genes": 50,
  "population_size": 20,
  "cxpb": 0.5,
  "mutpb": 0.2
}