{
  "generation": 2,
  "fitness": [
    1.749243379571248
  ],
  "validation_score": -0.5822439023456273,
  "validation_details": null,
  "genome": [
    0.214140021640754,
    0.0,
    0.6610576425973168,
    0.02578014978619836,
    0.23139232582119137,
    0.7899846642347539,
    0.3671220072247938,
    0.32377146196202244,
    0.0,
    0.05239901786117651,
    0.7417180569541495,
    0.2898318549866073,
    0.7456652750339957,
    1.0,
    0.1868392864761012,
    0.7900061820031135,
    0.41494242355134514,
    0.35934291241465216,
    1.0,
    0.043365036899171705,
    0.9362563429270985,
    0.676234553699946,
    0.48945872591563777,
    0.5774255293041615,
    0.2687171520874859,
    0.41422508936503766,
    0.45199172255036435,
    0.6336277633502977,
    0.8801250813073235,
    0.0930947840426174,
    0.4018506342122019,
    0.0734907157664505,
    0.08079047741079193,
    0.9050396954293055,
    0.19842461859981972,
    0.43856177712970906,
    0.7562664332519301,
    0.5310971556748859,
    0.4972364113193815,
    0.9946277558609236,
    0.5305568374313245,
    0.30917577482325787,
    0.6609989051237242,
    0.050439394215862535,
    0.3586230243064324,
    0.852792737295575,
    0.6509166648813054,
    0.9623810437470415,
    0.7677071631669704,
    0.2150230663274969
  ],
  "n_genes": 50,
  "population_size": 60,
  "cxpb": 0.5,
  "mutpb": 0.25,
  "sigma": 0.2
}