{
  "generation": 1,
  "fitness": [
    -0.3350474508693995
  ],
  "validation_score": 0.4648991803109449,
  "validation_details": null,
  "genome": [
    0.1619176408039137,
    0.6466047215404496,
    0.8731350584877333,
    0.08187030647327487,
    0.49172821833402053,
    0.7037661251558726,
    0.07810272214744018,
    0.5641687222734748,
    0.06175804755668379,
    0.9100448103188556,
    0.5054870560925958,
    0.8242586788545414,
    0.2197664451859213,
    0.3281176377422065,
    0.4593721354194541,
    0.11624002218466423,
    0.17564239179373034,
    0.5831476784410176,
    0.09094164445168784,
    0.5103753540328345,
    0.752690133097716,
    0.453432300179782,
    0.22414541359312745,
    0.45679847571187604,
    0.05773678093252477,
    0.3241560570046731,
    0.15060107770151968,
    0.9290986162646171,
    0.8787218778231842,
    0.5792242516764589,
    0.7458044828318157,
    0.5783112650590354,
    0.04528980272782879,
    0.34452886656213455,
    0.0637599121120832,
    0.9941236604769201,
    0.9345827988849464,
    0.0690191461603138,
    1.0,
    0.031734871023079037,
    0.40886693581924827,
    1.0,
    0.4927565351446215,
    1.0,
    0.6458808180971635,
    0.42036193888232787,
    0.8878199654482635,
    0.38247961885137205,
    0.8696202853107085,
    0.9067673115245726
  ],
  "n_genes": 50,
  "population_size": 40,
  "cxpb": 0.5,
  "mutpb": 0.25,
  "sigma": 0.2
}